INSERT INTO AUTORES
(COD, NOMBRE)
VALUES
('1', 'Luis Landero');

INSERT INTO AUTORES
(COD, NOMBRE)
VALUES
('2', 'Stephen King');

INSERT INTO AUTORES
(COD, NOMBRE)
VALUES
('3', 'Juan Gómez-Jurado');

INSERT INTO AUTORES
(COD, NOMBRE)
VALUES
('4', 'J.R.R. Tolkien');

INSERT INTO AUTORES
(COD, NOMBRE)
VALUES
('5', 'Neil Gaiman');

INSERT INTO AUTORES
(COD, NOMBRE)
VALUES
('6', 'Antonio Buero Vallejo');

INSERT INTO LIBROS
(COD, COD_AUTOR, ISBN, PRECIO, TITULO)
VALUES
('1', '1', '978-84-9066-656-2', 19, 'Lluvia fina');

INSERT INTO LIBROS
(COD, COD_AUTOR, ISBN, PRECIO, TITULO)
VALUES
('2', '1', '978-84-8383-634-7', 7, 'Retrato de un hombre inmaduro');

INSERT INTO LIBROS
(COD, COD_AUTOR, ISBN, PRECIO, TITULO)
VALUES
('3', '1', '978-84-8383-632-3', 8, 'Absolución');

INSERT INTO LIBROS
(COD, COD_AUTOR, ISBN, PRECIO, TITULO)
VALUES
('4', '2', '9788497930994', 10, 'Cementerio de animales');

INSERT INTO LIBROS
(COD, COD_AUTOR, ISBN, PRECIO, TITULO)
VALUES
('5', '3', '9788466664417', 20, 'Reina roja');

INSERT INTO LIBROS
(COD, COD_AUTOR, ISBN, PRECIO, TITULO)
VALUES
('6', '4', '9788445073735', 20, 'El Señor de los Anillos II. Las dos torres');

INSERT INTO LIBROS
(COD, COD_AUTOR, ISBN, PRECIO, TITULO)
VALUES
('7', '5', '9788415729204', 10, 'American gods');

INSERT INTO LIBROS
(COD, ISBN, PRECIO, TITULO)
VALUES
('8', '9788467033403', 7, 'Lazarillo de Tormes');

INSERT INTO LIBROS
(COD, COD_AUTOR, ISBN, PRECIO, TITULO)
VALUES
('9', '6', '9788467033281', 9, 'Historia de una escalera');

INSERT INTO usuarios
(COD, CUENTA, DIRECCION, NOMBRE, TELEFONO)
VALUES
('1', '1', 'AAAA', 'Andrés', '1111');

INSERT INTO usuarios
(COD, CUENTA, DIRECCION, NOMBRE, TELEFONO)
VALUES
('2', '2', 'BBBB', 'Ana', '1122');

INSERT INTO usuarios
(COD, CUENTA, DIRECCION, NOMBRE, TELEFONO)
VALUES
('3', '3', 'CCCC', 'Javier', '1234');

INSERT INTO usuarios
(COD, CUENTA, DIRECCION, NOMBRE, TELEFONO)
VALUES
('4', '4', 'DDDD', 'Manuel', '4444');

INSERT INTO usuarios
(COD, CUENTA, DIRECCION, NOMBRE, TELEFONO)
VALUES
('5', '5', 'EEEE', 'Paloma', '6666');

INSERT INTO EJEMPLAR
(COD, COD_LIBRO, LOCALIZACION, VERSION)
VALUES
('1', '1', 'A', '1');

INSERT INTO EJEMPLAR
(COD, COD_LIBRO, LOCALIZACION, VERSION)
VALUES
('2', '1', 'B', '1');

INSERT INTO EJEMPLAR
(COD, COD_LIBRO, LOCALIZACION, VERSION)
VALUES
('3', '2', 'P', '1');

INSERT INTO EJEMPLAR
(COD, COD_LIBRO, LOCALIZACION, VERSION)
VALUES
('4', '3', 'Q', '3');

INSERT INTO EJEMPLAR
(COD, COD_LIBRO, LOCALIZACION, VERSION)
VALUES
('5', '3', 'H', '2');

INSERT INTO ser_afin
(COD_LIBRO, COD_LIBRO_AFIN)
VALUES
('1','2');

INSERT INTO ser_afin
(COD_LIBRO, COD_LIBRO_AFIN)
VALUES
('2','1');

INSERT INTO ser_afin
(COD_LIBRO, COD_LIBRO_AFIN)
VALUES
('2','4');

INSERT INTO ser_afin
(COD_LIBRO, COD_LIBRO_AFIN)
VALUES
('4','1');

INSERT INTO ser_afin
(COD_LIBRO, COD_LIBRO_AFIN)
VALUES
('1','5');

INSERT INTO comprar
(COD_EJEM, COD_USU, FECHA)
VALUES
('1','2', STR_TO_DATE('09-05-2019','%d-%m-%Y'));

INSERT INTO comprar
(COD_EJEM, COD_USU, FECHA)
VALUES
('2','2', STR_TO_DATE('24-06-2019','%d-%m-%Y'));

INSERT INTO comprar
(COD_EJEM, COD_USU, FECHA)
VALUES
('3','5', STR_TO_DATE('19-02-2019','%d-%m-%Y'));

INSERT INTO comprar
(COD_EJEM, COD_USU, FECHA)
VALUES
('1','3', STR_TO_DATE('11-11-2019','%d-%m-%Y'));

INSERT INTO comprar
(COD_EJEM, COD_USU, FECHA)
VALUES
('5','5', STR_TO_DATE('01-01-2019','%d-%m-%Y'));